id,comment,validity
comment-0001,i have been watching for a while and i am genuinely curious: where did you get the decorations behind you?,True
comment-0002,chat keeps asking what advice would you give a new streamer?,True
comment-0003,random question but what upload speed do you stream with?,True
comment-0004,did you already say what microphone are you using today?,True
comment-0005,yo what drive do you save your recordings on?,True
comment-0006,i have been watching for a while and i am genuinely curious: what bitrate are you streaming at today?,True
comment-0007,chat keeps asking are you planning any streams with other creators?,True
comment-0008,quick question for you: what helped your channel grow the most?,True
comment-0009,did you already say what mouse sensitivity do you play on?,True
comment-0010,🎉🎉,False
comment-0011,"i have been trying to figure this out for myself, so i wanted to ask: where did you get your stream alert sounds?",True
comment-0012,quick question for you: where did you get the decorations behind you?,True
comment-0013,chat keeps asking what goals are you working toward this month?,True
comment-0014,yo what chair do you use for long streams?,True
comment-0015,what graphics card is in your computer?,True
comment-0016,"i missed it earlier, why did you pick this game today?",True
comment-0017,"i missed it earlier, are you entering any tournaments for this game?",True
comment-0018,"i have been trying to figure this out for myself, so i wanted to ask: what bitrate are you streaming at today?",True
comment-0019,who made the emotes for your channel?,True
comment-0020,"i missed it earlier, what drive do you save your recordings on?",True
comment-0021,lol,False
comment-0022,i have been watching for a while and i am genuinely curious: what advice would you give a new streamer?,True
comment-0023,quick question for you: what game are you playing after this one?,True
comment-0024,hey what headphones are you wearing on stream?,True
comment-0025,"i have been trying to figure this out for myself, so i wanted to ask: what audio interface is your microphone plugged into?",True
comment-0026,"if you have time later, quick question: are you entering any tournaments for this game?",True
comment-0027,random question but when are you doing another charity stream?,True
comment-0028,quick question for you: what lights are you using for the stream?,True
comment-0029,"i have been trying to figure this out for myself, so i wanted to ask: how did you set up your streaming desk?",True
comment-0030,🔥🔥🔥🔥,False
comment-0031,🔥🔥🔥🔥,False
comment-0032,what lights are you using for the stream?,True
comment-0033,"i missed it earlier, how are you planning to beat this boss?",True
comment-0034,🤣🤣,False
comment-0035,✅✅✅,False
comment-0036,"before you move on, how do you organize all your OBS scenes?",True
comment-0037,quick question for you: how do we join your discord server?,True
comment-0038,did you already say what chat rules do your moderators usually enforce?,True
comment-0039,random question but what controller settings are you using here?,True
comment-0040,"before you move on, where did you get your stream alert sounds?",True
comment-0041,wait what goals are you working toward this month?,True
comment-0042,"if you have time later, quick question: what computer upgrade helped your stream most?",True
comment-0043,yo what lights are you using for the stream?,True
comment-0044,did you already say where do you post your stream highlights?,True
comment-0045,not sure if someone asked already but what controller settings are you using here?,True
comment-0046,"been wondering all stream, where do you find music that is safe to stream?",True
comment-0047,hey when are you doing viewer games again?,True
comment-0048,"before you move on, what lights are you using for the stream?",True
comment-0049,yo what snacks do you eat during long streams?,True
comment-0050,i have been watching for a while and i am genuinely curious: what camera are you using right now?,True
comment-0051,"if you have time later, quick question: what chat rules do your moderators usually enforce?",True
comment-0052,❤️❤️❤️,False
comment-0053,🤣🤣,False
comment-0054,"i have been trying to figure this out for myself, so i wanted to ask: why did you pick this game today?",True
comment-0055,wait where did you get your stream alert sounds?,True
comment-0056,so good,False
comment-0057,"i have been trying to figure this out for myself, so i wanted to ask: what processor are you gaming and streaming on?",True
comment-0058,what lights are you using for the stream btw?,True
comment-0059,chat keeps asking what game are you playing after this one?,True
comment-0060,wait what keyboard and switches are you using?,True
comment-0061,👀👀,False
comment-0062,chat keeps asking what are you drinking on stream today?,True
comment-0063,asdfgh qwrty zxcvb,False
comment-0064,i have been watching for a while and i am genuinely curious: how did you set up your streaming desk?,True
comment-0065,hey what do you use to edit your videos?,True
comment-0066,when are you doing viewer games again btw?,True
comment-0067,"been wondering all stream, who made the emotes for your channel?",True
comment-0068,😭😭,False
comment-0069,👏👏👏,False
comment-0070,not sure if someone asked already but what microphone are you using today?,True
comment-0071,i have been watching for a while and i am genuinely curious: why did you pick this game today?,True
comment-0072,🥳🎊,False
comment-0073,quick question for you: which route are you taking through this map?,True
comment-0074,"i have been trying to figure this out for myself, so i wanted to ask: how do you keep your computer cool while streaming?",True
comment-0075,not sure if someone asked already but what weapons are you running for this build?,True
comment-0076,"i missed it earlier, how much memory does your streaming computer have?",True
comment-0077,⭐🌟,False
comment-0078,random question but are you planning any streams with other creators?,True
comment-0079,i have been watching for a while and i am genuinely curious: what chat rules do your moderators usually enforce?,True
comment-0080,what snacks do you eat during long streams?,True
comment-0081,quick question for you: what character build are you going for?,True
comment-0082,yo why did you pick this game today?,True
comment-0083,"before you move on, what monitor do you use for gaming?",True
comment-0084,blargh snorf glibble,False
comment-0085,i have been watching for a while and i am genuinely curious: what game are you playing after this one?,True
comment-0086,"before you move on, what bitrate are you streaming at today?",True
comment-0087,chat keeps asking how do we join your discord server?,True
comment-0088,yo what goals are you working toward this month?,True
comment-0089,did you already say what keyboard and switches are you using?,True
comment-0090,what keyboard and switches are you using?,True
comment-0091,pog,False
comment-0092,"if you have time later, quick question: where do you post your stream highlights?",True
comment-0093,hey what goals are you working toward this month?,True
comment-0094,yo what monitor do you use for gaming?,True
comment-0095,random question but which route are you taking through this map?,True
comment-0096,did you already say did you make this stream overlay yourself?,True
comment-0097,hey what are you drinking on stream today?,True
comment-0098,"i missed it earlier, what snacks do you eat during long streams?",True
comment-0099,"been wondering all stream, what graphics settings are you playing with?",True
comment-0100,not sure if someone asked already but did you make this stream overlay yourself?,True
comment-0101,rofl,False
comment-0102,"i have been trying to figure this out for myself, so i wanted to ask: what advice would you give a new streamer?",True
comment-0103,i have been watching for a while and i am genuinely curious: how much memory does your streaming computer have?,True
comment-0104,zzxxcc vvbbnn,False
comment-0105,"before you move on, what are you drinking on stream today?",True
comment-0106,yo where did you get the decorations behind you?,True
comment-0107,not sure if someone asked already but what mouse sensitivity do you play on?,True
comment-0108,so good,False
comment-0109,"before you move on, what headphones are you wearing on stream?",True
comment-0110,"been wondering all stream, what keyboard and switches are you using?",True
comment-0111,quick question for you: what chat rules do your moderators usually enforce?,True
comment-0112,yo who made the emotes for your channel?,True
comment-0113,wait did you make this stream overlay yourself?,True
comment-0114,what drive do you save your recordings on btw?,True
comment-0115,"been wondering all stream, how do you keep your computer cool while streaming?",True
comment-0116,not sure if someone asked already but how did you set up your streaming desk?,True
comment-0117,yo what character build are you going for?,True
comment-0118,random question but what graphics card is in your computer?,True
comment-0119,what microphone are you using today?,True
comment-0120,what days do you normally go live?,True
comment-0121,did you already say where do you find music that is safe to stream?,True
comment-0122,rofl,False
comment-0123,what character build are you going for btw?,True
comment-0124,did you already say which route are you taking through this map?,True
comment-0125,yo what are you drinking on stream today?,True
comment-0126,"been wondering all stream, what processor are you gaming and streaming on?",True
comment-0127,🎮🎮,False
comment-0128,"if you have time later, quick question: are you planning any streams with other creators?",True
comment-0129,"i missed it earlier, what do you use to edit your videos?",True
comment-0130,12345 67890,False
comment-0131,"before you move on, where do you find music that is safe to stream?",True
comment-0132,"before you move on, where did you get the decorations behind you?",True
comment-0133,i have been watching for a while and i am genuinely curious: how do you keep your computer cool while streaming?,True
comment-0134,i have been watching for a while and i am genuinely curious: what goals are you working toward this month?,True
comment-0135,not sure if someone asked already but do you warm up your voice before streaming?,True
comment-0136,pog,False
comment-0137,"been wondering all stream, what are you drinking on stream today?",True
comment-0138,random question but do you warm up your voice before streaming?,True
comment-0139,not sure if someone asked already but are you planning any streams with other creators?,True
comment-0140,🤯🤯,False
comment-0141,❤️❤️❤️,False
comment-0142,that was wild,False
comment-0143,are you entering any tournaments for this game?,True
comment-0144,random question but what character build are you going for?,True
comment-0145,random question but where did you get the decorations behind you?,True
comment-0146,"if you have time later, quick question: what camera are you using right now?",True
comment-0147,chat keeps asking what snacks do you eat during long streams?,True
comment-0148,😮😮,False
comment-0149,"been wondering all stream, what advice would you give a new streamer?",True
comment-0150,qweoiu asdjk zmxn,False
comment-0151,yo do you warm up your voice before streaming?,True
comment-0152,"before you move on, what upload speed do you stream with?",True
comment-0153,🚀🚀,False
comment-0154,wait why did you pick this game today?,True
comment-0155,"i missed it earlier, what headphones are you wearing on stream?",True
comment-0156,"i have been trying to figure this out for myself, so i wanted to ask: what upload speed do you stream with?",True
comment-0157,!!! ??? ...,False
comment-0158,rofl,False
comment-0159,💯💯,False
comment-0160,quick question for you: what camera are you using right now?,True
comment-0161,i have been watching for a while and i am genuinely curious: which route are you taking through this map?,True
comment-0162,"if you have time later, quick question: which route are you taking through this map?",True
comment-0163,hey how do we join your discord server?,True
comment-0164,what are you drinking on stream today?,True
comment-0165,random question but what headphones are you wearing on stream?,True
comment-0166,"if you have time later, quick question: what microphone are you using today?",True
comment-0167,"been wondering all stream, what goals are you working toward this month?",True
comment-0168,lel,False
comment-0169,"before you move on, who made the emotes for your channel?",True
comment-0170,"i missed it earlier, what mouse sensitivity do you play on?",True
comment-0171,zzxxcc vvbbnn,False
comment-0172,why did you pick this game today btw?,True
comment-0173,yo what microphone are you using today?,True
comment-0174,quick question for you: what snacks do you eat during long streams?,True
comment-0175,wait what character build are you going for?,True
comment-0176,not sure if someone asked already but what do you use to edit your videos?,True
comment-0177,i have been watching for a while and i am genuinely curious: what headphones are you wearing on stream?,True
comment-0178,🎉🎉,False
comment-0179,quick question for you: when are you doing another charity stream?,True
comment-0180,"before you move on, what graphics card is in your computer?",True
comment-0181,what audio interface is your microphone plugged into?,True
comment-0182,"i missed it earlier, where did you get your stream alert sounds?",True
comment-0183,⭐🌟,False
comment-0184,pog,False
comment-0185,random question but what microphone are you using today?,True
comment-0186,not sure if someone asked already but how do we join your discord server?,True
comment-0187,what processor are you gaming and streaming on?,True
comment-0188,🤣🤣,False
comment-0189,so good,False
comment-0190,random question but what camera are you using right now?,True
comment-0191,asdfgh qwrty zxcvb,False
comment-0192,did you already say how much memory does your streaming computer have?,True
comment-0193,random question but who made the emotes for your channel?,True
comment-0194,"been wondering all stream, what weapons are you running for this build?",True
comment-0195,yo how much memory does your streaming computer have?,True
comment-0196,hey how did you set up your streaming desk?,True
comment-0197,nice,False
comment-0198,wait how did you set up your streaming desk?,True
comment-0199,random question but what lights are you using for the stream?,True
comment-0200,"before you move on, what advice would you give a new streamer?",True
comment-0201,chat keeps asking what playlist is playing in the background?,True
comment-0202,"been wondering all stream, how do we join your discord server?",True
comment-0203,wait what advice would you give a new streamer?,True
comment-0204,chat keeps asking how often do you take breaks while streaming?,True
comment-0205,⭐🌟,False
comment-0206,hey what advice would you give a new streamer?,True
comment-0207,yo what computer upgrade helped your stream most?,True
comment-0208,"if you have time later, quick question: what game are you playing after this one?",True
comment-0209,did you already say what playlist is playing in the background?,True
comment-0210,wait what chair do you use for long streams?,True
comment-0211,"i missed it earlier, what graphics card is in your computer?",True
comment-0212,how are you planning to beat this boss?,True
comment-0213,how do you organize all your OBS scenes btw?,True
comment-0214,zzxxcc vvbbnn,False
comment-0215,what processor are you gaming and streaming on btw?,True
comment-0216,how are you planning to beat this boss btw?,True
comment-0217,wait which route are you taking through this map?,True
comment-0218,"i have been trying to figure this out for myself, so i wanted to ask: how do we join your discord server?",True
comment-0219,"before you move on, how often do you take breaks while streaming?",True
comment-0220,quick question for you: what drive do you save your recordings on?,True
comment-0221,"i have been trying to figure this out for myself, so i wanted to ask: how are you planning to beat this boss?",True
comment-0222,🙌🙌,False
comment-0223,did you already say what monitor do you use for gaming?,True
comment-0224,"before you move on, what processor are you gaming and streaming on?",True
comment-0225,😂🔥,False
comment-0226,wait where do you post your stream highlights?,True
comment-0227,chat keeps asking what difficulty are you playing this on?,True
comment-0228,🙌🙌,False
comment-0229,what drive do you save your recordings on?,True
comment-0230,💀💀💀,False
comment-0231,"i missed it earlier, what audio interface is your microphone plugged into?",True
comment-0232,i have been watching for a while and i am genuinely curious: what processor are you gaming and streaming on?,True
comment-0233,yo what helped your channel grow the most?,True
comment-0234,did you already say what chair do you use for long streams?,True
comment-0235,yo are you entering any tournaments for this game?,True
comment-0236,how do you organize all your OBS scenes?,True
comment-0237,i have been watching for a while and i am genuinely curious: what character build are you going for?,True
comment-0238,i have been watching for a while and i am genuinely curious: how are you planning to beat this boss?,True
comment-0239,yo where did you get your stream alert sounds?,True
comment-0240,random question but what audio interface is your microphone plugged into?,True
comment-0241,random question but how did you set up your streaming desk?,True
comment-0242,😭😭,False
comment-0243,wait how do you keep your computer cool while streaming?,True
comment-0244,😭😭,False
comment-0245,wait what headphones are you wearing on stream?,True
comment-0246,what helped your channel grow the most?,True
comment-0247,"been wondering all stream, what do you use to edit your videos?",True
comment-0248,when are you doing another charity stream btw?,True
comment-0249,"been wondering all stream, what audio interface is your microphone plugged into?",True
comment-0250,hello chat,False
comment-0251,asdfgh qwrty zxcvb,False
comment-0252,did you already say what audio interface is your microphone plugged into?,True
comment-0253,did you already say how do you organize all your OBS scenes?,True
comment-0254,🙌🙌,False
comment-0255,not sure if someone asked already but what monitor do you use for gaming?,True
comment-0256,did you already say when are you doing viewer games again?,True
comment-0257,wait do you warm up your voice before streaming?,True
comment-0258,"i missed it earlier, what difficulty are you playing this on?",True
comment-0259,what controller settings are you using here?,True
comment-0260,"i have been trying to figure this out for myself, so i wanted to ask: what snacks do you eat during long streams?",True
comment-0261,what difficulty are you playing this on btw?,True
comment-0262,wait what audio interface is your microphone plugged into?,True
comment-0263,gg everyone,False
comment-0264,"before you move on, are you planning any streams with other creators?",True
comment-0265,did you make this stream overlay yourself?,True
comment-0266,😂🔥,False
comment-0267,"been wondering all stream, when are you doing viewer games again?",True
comment-0268,"i missed it earlier, what chat rules do your moderators usually enforce?",True
comment-0269,not sure if someone asked already but why did you pick this game today?,True
comment-0270,"i missed it earlier, what days do you normally go live?",True
comment-0271,hey what chat rules do your moderators usually enforce?,True
comment-0272,hello chat,False
comment-0273,i have been watching for a while and i am genuinely curious: are you entering any tournaments for this game?,True
comment-0274,random question but how much memory does your streaming computer have?,True
comment-0275,"before you move on, do you warm up your voice before streaming?",True
comment-0276,hello chat,False
comment-0277,👏👏👏,False
comment-0278,what chat rules do your moderators usually enforce btw?,True
comment-0279,"before you move on, what character build are you going for?",True
comment-0280,"i missed it earlier, when are you doing viewer games again?",True
comment-0281,what controller settings are you using here btw?,True
comment-0282,random question but when are you doing viewer games again?,True
comment-0283,"i have been trying to figure this out for myself, so i wanted to ask: what drive do you save your recordings on?",True
comment-0284,"if you have time later, quick question: how much memory does your streaming computer have?",True
comment-0285,chat keeps asking what camera are you using right now?,True
comment-0286,⭐🌟,False
comment-0287,how much memory does your streaming computer have btw?,True
comment-0288,blargh snorf glibble,False
comment-0289,🤯🤯,False
comment-0290,12345 67890,False
comment-0291,random question but where did you get your stream alert sounds?,True
comment-0292,"before you move on, what controller settings are you using here?",True
comment-0293,wait how much memory does your streaming computer have?,True
comment-0294,hey what weapons are you running for this build?,True
comment-0295,"before you move on, when are you doing another charity stream?",True
comment-0296,how do we join your discord server btw?,True
comment-0297,i have been watching for a while and i am genuinely curious: how do we join your discord server?,True
comment-0298,not sure if someone asked already but what advice would you give a new streamer?,True
comment-0299,quick question for you: what playlist is playing in the background?,True
comment-0300,what helped your channel grow the most btw?,True
comment-0301,💯💯,False
comment-0302,hey what character build are you going for?,True
comment-0303,gg everyone,False
comment-0304,🎮🎮,False
comment-0305,hey how much memory does your streaming computer have?,True
comment-0306,where did you get the decorations behind you?,True
comment-0307,"if you have time later, quick question: what keyboard and switches are you using?",True
comment-0308,😮😮,False
comment-0309,random question but are you entering any tournaments for this game?,True
comment-0310,yo how do you keep your computer cool while streaming?,True
comment-0311,did you already say how did you set up your streaming desk?,True
comment-0312,❤️❤️❤️,False
comment-0313,🚀🚀,False
comment-0314,random question but what goals are you working toward this month?,True
comment-0315,not sure if someone asked already but what headphones are you wearing on stream?,True
comment-0316,yo which route are you taking through this map?,True
comment-0317,which route are you taking through this map?,True
comment-0318,chat keeps asking where do you find music that is safe to stream?,True
comment-0319,"if you have time later, quick question: what graphics card is in your computer?",True
comment-0320,wait what helped your channel grow the most?,True
comment-0321,quick question for you: how did you set up your streaming desk?,True
comment-0322,not sure if someone asked already but where did you get your stream alert sounds?,True
comment-0323,wait what drive do you save your recordings on?,True
comment-0324,hey how do you keep your computer cool while streaming?,True
comment-0325,zzxxcc vvbbnn,False
comment-0326,did you already say what graphics card is in your computer?,True
comment-0327,random question but what monitor do you use for gaming?,True
comment-0328,what difficulty are you playing this on?,True
comment-0329,"i have been trying to figure this out for myself, so i wanted to ask: what character build are you going for?",True
comment-0330,"i have been trying to figure this out for myself, so i wanted to ask: how often do you take breaks while streaming?",True
comment-0331,did you already say what graphics settings are you playing with?,True
comment-0332,quick question for you: how much memory does your streaming computer have?,True
comment-0333,wait what controller settings are you using here?,True
comment-0334,love this game,False
comment-0335,hey what upload speed do you stream with?,True
comment-0336,"if you have time later, quick question: what graphics settings are you playing with?",True
comment-0337,chat keeps asking what helped your channel grow the most?,True
comment-0338,"been wondering all stream, what chat rules do your moderators usually enforce?",True
comment-0339,"if you have time later, quick question: did you make this stream overlay yourself?",True
comment-0340,"i have been trying to figure this out for myself, so i wanted to ask: what do you use to edit your videos?",True
comment-0341,chat keeps asking what chair do you use for long streams?,True
comment-0342,"i have been trying to figure this out for myself, so i wanted to ask: what graphics card is in your computer?",True
comment-0343,chat keeps asking what chat rules do your moderators usually enforce?,True
comment-0344,!!! ??? ...,False
comment-0345,"i have been trying to figure this out for myself, so i wanted to ask: what chat rules do your moderators usually enforce?",True
comment-0346,"i have been trying to figure this out for myself, so i wanted to ask: what camera are you using right now?",True
comment-0347,yo how are you planning to beat this boss?,True
comment-0348,"if you have time later, quick question: what processor are you gaming and streaming on?",True
comment-0349,not sure if someone asked already but what are you drinking on stream today?,True
comment-0350,"been wondering all stream, what game are you playing after this one?",True
comment-0351,wait what upload speed do you stream with?,True
comment-0352,wow,False
comment-0353,"i missed it earlier, what advice would you give a new streamer?",True
comment-0354,i have been watching for a while and i am genuinely curious: what difficulty are you playing this on?,True
comment-0355,"been wondering all stream, how often do you take breaks while streaming?",True
comment-0356,"been wondering all stream, what headphones are you wearing on stream?",True
comment-0357,random question but what graphics settings are you playing with?,True
comment-0358,"i missed it earlier, what playlist is playing in the background?",True
comment-0359,chat keeps asking what bitrate are you streaming at today?,True
comment-0360,hey what difficulty are you playing this on?,True
comment-0361,"before you move on, what goals are you working toward this month?",True
comment-0362,yo how do you organize all your OBS scenes?,True
comment-0363,i have been watching for a while and i am genuinely curious: what mouse sensitivity do you play on?,True
comment-0364,not sure if someone asked already but what character build are you going for?,True
comment-0365,asdfgh qwrty zxcvb,False
comment-0366,love this game,False
comment-0367,"been wondering all stream, which route are you taking through this map?",True
comment-0368,are you planning any streams with other creators btw?,True
comment-0369,very cool stream,False
comment-0370,love this game,False
comment-0371,hello chat,False
comment-0372,"before you move on, what chat rules do your moderators usually enforce?",True
comment-0373,"before you move on, what days do you normally go live?",True
comment-0374,yo what camera are you using right now?,True
comment-0375,quick question for you: what bitrate are you streaming at today?,True
comment-0376,"been wondering all stream, did you make this stream overlay yourself?",True
comment-0377,yo what chat rules do your moderators usually enforce?,True
comment-0378,"i missed it earlier, how do you keep your computer cool while streaming?",True
comment-0379,wait what monitor do you use for gaming?,True
comment-0380,blargh snorf glibble,False
comment-0381,not sure if someone asked already but what goals are you working toward this month?,True
comment-0382,not sure if someone asked already but what audio interface is your microphone plugged into?,True
comment-0383,what graphics settings are you playing with btw?,True
comment-0384,i have been watching for a while and i am genuinely curious: what controller settings are you using here?,True
comment-0385,"been wondering all stream, what lights are you using for the stream?",True
comment-0386,hey which route are you taking through this map?,True
comment-0387,yo what controller settings are you using here?,True
comment-0388,"if you have time later, quick question: where did you get your stream alert sounds?",True
comment-0389,wait how are you planning to beat this boss?,True
comment-0390,12345 67890,False
comment-0391,👀👀,False
comment-0392,quick question for you: where did you get your stream alert sounds?,True
comment-0393,12345 67890,False
comment-0394,quick question for you: what weapons are you running for this build?,True
comment-0395,did you already say what camera are you using right now?,True
comment-0396,"i missed it earlier, what lights are you using for the stream?",True
comment-0397,"i missed it earlier, where do you post your stream highlights?",True
comment-0398,"i have been trying to figure this out for myself, so i wanted to ask: which route are you taking through this map?",True
comment-0399,do you warm up your voice before streaming btw?,True
comment-0400,chat keeps asking when are you doing viewer games again?,True
comment-0401,did you already say who made the emotes for your channel?,True
comment-0402,quick question for you: who made the emotes for your channel?,True
comment-0403,what upload speed do you stream with?,True
comment-0404,😭😭,False
comment-0405,wait what graphics settings are you playing with?,True
comment-0406,hey what playlist is playing in the background?,True
comment-0407,👀👀,False
comment-0408,"been wondering all stream, what character build are you going for?",True
comment-0409,did you already say what days do you normally go live?,True
comment-0410,did you already say how often do you take breaks while streaming?,True
comment-0411,i have been watching for a while and i am genuinely curious: do you warm up your voice before streaming?,True
comment-0412,"i have been trying to figure this out for myself, so i wanted to ask: what playlist is playing in the background?",True
comment-0413,lol,False
comment-0414,"i missed it earlier, who made the emotes for your channel?",True
comment-0415,🥳🎊,False
comment-0416,"if you have time later, quick question: what controller settings are you using here?",True
comment-0417,🙌🙌,False
comment-0418,"if you have time later, quick question: what goals are you working toward this month?",True
comment-0419,did you already say do you warm up your voice before streaming?,True
comment-0420,what chat rules do your moderators usually enforce?,True
comment-0421,what headphones are you wearing on stream?,True
comment-0422,wait where do you find music that is safe to stream?,True
comment-0423,👀👀,False
comment-0424,🤣🤣,False
comment-0425,"if you have time later, quick question: how do you organize all your OBS scenes?",True
comment-0426,did you make this stream overlay yourself btw?,True
comment-0427,wait how do you organize all your OBS scenes?,True
comment-0428,hey what controller settings are you using here?,True
comment-0429,"if you have time later, quick question: what helped your channel grow the most?",True
comment-0430,"if you have time later, quick question: what do you use to edit your videos?",True
comment-0431,quick question for you: what goals are you working toward this month?,True
comment-0432,✅✅✅,False
comment-0433,🔥🔥🔥🔥,False
comment-0434,yo what keyboard and switches are you using?,True
comment-0435,👏👏👏,False
comment-0436,yo how do we join your discord server?,True
comment-0437,lmao,False
comment-0438,not sure if someone asked already but how often do you take breaks while streaming?,True
comment-0439,🎉🎉,False
comment-0440,"before you move on, what audio interface is your microphone plugged into?",True
comment-0441,"before you move on, how much memory does your streaming computer have?",True
comment-0442,wait what are you drinking on stream today?,True
comment-0443,quick question for you: what advice would you give a new streamer?,True
comment-0444,"before you move on, what mouse sensitivity do you play on?",True
comment-0445,"been wondering all stream, do you warm up your voice before streaming?",True
comment-0446,"if you have time later, quick question: how are you planning to beat this boss?",True
comment-0447,"i have been trying to figure this out for myself, so i wanted to ask: what keyboard and switches are you using?",True
comment-0448,what advice would you give a new streamer?,True
comment-0449,random question but what do you use to edit your videos?,True
comment-0450,"i missed it earlier, are you planning any streams with other creators?",True
comment-0451,"if you have time later, quick question: where did you get the decorations behind you?",True
comment-0452,yo what processor are you gaming and streaming on?,True
comment-0453,"i have been trying to figure this out for myself, so i wanted to ask: what weapons are you running for this build?",True
comment-0454,nice,False
comment-0455,wait what game are you playing after this one?,True
comment-0456,quick question for you: where do you find music that is safe to stream?,True
comment-0457,so good,False
comment-0458,yo what do you use to edit your videos?,True
comment-0459,not sure if someone asked already but what graphics settings are you playing with?,True
comment-0460,🙌🙌,False
comment-0461,"before you move on, are you entering any tournaments for this game?",True
comment-0462,🏆🏆,False
comment-0463,did you already say how are you planning to beat this boss?,True
comment-0464,hey what graphics card is in your computer?,True
comment-0465,"if you have time later, quick question: what mouse sensitivity do you play on?",True
comment-0466,wow,False
comment-0467,"been wondering all stream, what difficulty are you playing this on?",True
comment-0468,are you entering any tournaments for this game btw?,True
comment-0469,🏆🏆,False
comment-0470,not sure if someone asked already but how do you organize all your OBS scenes?,True
comment-0471,"been wondering all stream, what chair do you use for long streams?",True
comment-0472,yo what graphics card is in your computer?,True
comment-0473,chat keeps asking are you entering any tournaments for this game?,True
comment-0474,hey what microphone are you using today?,True
comment-0475,"if you have time later, quick question: what lights are you using for the stream?",True
comment-0476,"i have been trying to figure this out for myself, so i wanted to ask: what microphone are you using today?",True
comment-0477,hey what graphics settings are you playing with?,True
comment-0478,i have been watching for a while and i am genuinely curious: what monitor do you use for gaming?,True
comment-0479,😍✨,False
comment-0480,😮😮,False
comment-0481,how did you set up your streaming desk?,True
comment-0482,"before you move on, when are you doing viewer games again?",True
comment-0483,quick question for you: how do you keep your computer cool while streaming?,True
comment-0484,did you already say where did you get the decorations behind you?,True
comment-0485,💯💯,False
comment-0486,what goals are you working toward this month?,True
comment-0487,did you already say why did you pick this game today?,True
comment-0488,i have been watching for a while and i am genuinely curious: where do you post your stream highlights?,True
comment-0489,🥳🎊,False
comment-0490,what monitor do you use for gaming?,True
comment-0491,not sure if someone asked already but what snacks do you eat during long streams?,True
comment-0492,random question but what computer upgrade helped your stream most?,True
comment-0493,lel,False
comment-0494,yo what headphones are you wearing on stream?,True
comment-0495,"i missed it earlier, what weapons are you running for this build?",True
comment-0496,quick question for you: what processor are you gaming and streaming on?,True
comment-0497,quick question for you: what microphone are you using today?,True
comment-0498,yo what difficulty are you playing this on?,True
comment-0499,💀💀💀,False
comment-0500,not sure if someone asked already but what lights are you using for the stream?,True
comment-0501,hey do you warm up your voice before streaming?,True
comment-0502,random question but what playlist is playing in the background?,True
comment-0503,😮😮,False
comment-0504,random question but what advice would you give a new streamer?,True
comment-0505,12345 67890,False
comment-0506,nice,False
comment-0507,🤯🤯,False
comment-0508,wow,False
comment-0509,not sure if someone asked already but how are you planning to beat this boss?,True
comment-0510,hey what game are you playing after this one?,True
comment-0511,wait are you planning any streams with other creators?,True
comment-0512,not sure if someone asked already but how much memory does your streaming computer have?,True
comment-0513,"i missed it earlier, what keyboard and switches are you using?",True
comment-0514,"i missed it earlier, what chair do you use for long streams?",True
comment-0515,"been wondering all stream, why did you pick this game today?",True
comment-0516,"i have been trying to figure this out for myself, so i wanted to ask: what game are you playing after this one?",True
comment-0517,chat keeps asking what keyboard and switches are you using?,True
comment-0518,quick question for you: what days do you normally go live?,True
comment-0519,chat keeps asking where did you get the decorations behind you?,True
comment-0520,random question but how often do you take breaks while streaming?,True
comment-0521,wait where did you get the decorations behind you?,True
comment-0522,not sure if someone asked already but what graphics card is in your computer?,True
comment-0523,"been wondering all stream, what camera are you using right now?",True
comment-0524,"i missed it earlier, what game are you playing after this one?",True
comment-0525,"before you move on, what helped your channel grow the most?",True
comment-0526,"been wondering all stream, what computer upgrade helped your stream most?",True
comment-0527,hello chat,False
comment-0528,🏆🏆,False
comment-0529,not sure if someone asked already but how do you keep your computer cool while streaming?,True
comment-0530,"i missed it earlier, what character build are you going for?",True
comment-0531,"if you have time later, quick question: what monitor do you use for gaming?",True
comment-0532,chat keeps asking how are you planning to beat this boss?,True
comment-0533,not sure if someone asked already but what chat rules do your moderators usually enforce?,True
comment-0534,😍✨,False
comment-0535,what game are you playing after this one?,True
comment-0536,lol,False
comment-0537,wait what chat rules do your moderators usually enforce?,True
comment-0538,"if you have time later, quick question: what upload speed do you stream with?",True
comment-0539,what headphones are you wearing on stream btw?,True
comment-0540,blargh snorf glibble,False
comment-0541,🎉🎉,False
comment-0542,not sure if someone asked already but when are you doing another charity stream?,True
comment-0543,i have been watching for a while and i am genuinely curious: when are you doing viewer games again?,True
comment-0544,i have been watching for a while and i am genuinely curious: what do you use to edit your videos?,True
comment-0545,i have been watching for a while and i am genuinely curious: when are you doing another charity stream?,True
comment-0546,"been wondering all stream, what drive do you save your recordings on?",True
comment-0547,chat keeps asking what graphics card is in your computer?,True
comment-0548,yo what game are you playing after this one?,True
comment-0549,"i have been trying to figure this out for myself, so i wanted to ask: what are you drinking on stream today?",True
comment-0550,i have been watching for a while and i am genuinely curious: who made the emotes for your channel?,True
comment-0551,"been wondering all stream, where did you get the decorations behind you?",True
comment-0552,🔥🔥🔥🔥,False
comment-0553,where did you get the decorations behind you btw?,True
comment-0554,chat keeps asking what upload speed do you stream with?,True
comment-0555,"i have been trying to figure this out for myself, so i wanted to ask: where did you get the decorations behind you?",True
comment-0556,"i missed it earlier, when are you doing another charity stream?",True
comment-0557,quick question for you: how often do you take breaks while streaming?,True
comment-0558,lmao,False
comment-0559,🏆🏆,False
comment-0560,chat keeps asking who made the emotes for your channel?,True
comment-0561,did you already say what lights are you using for the stream?,True
comment-0562,not sure if someone asked already but what camera are you using right now?,True
comment-0563,"if you have time later, quick question: why did you pick this game today?",True
comment-0564,did you already say how do we join your discord server?,True
comment-0565,qweoiu asdjk zmxn,False
comment-0566,where do you find music that is safe to stream btw?,True
comment-0567,what keyboard and switches are you using btw?,True
comment-0568,did you already say what advice would you give a new streamer?,True
comment-0569,did you already say what do you use to edit your videos?,True
comment-0570,random question but what are you drinking on stream today?,True
comment-0571,"if you have time later, quick question: when are you doing another charity stream?",True
comment-0572,who made the emotes for your channel btw?,True
comment-0573,hey what camera are you using right now?,True
comment-0574,🥳🎊,False
comment-0575,hey what processor are you gaming and streaming on?,True
comment-0576,wait what graphics card is in your computer?,True
comment-0577,what computer upgrade helped your stream most?,True
comment-0578,quick question for you: where do you post your stream highlights?,True
comment-0579,"before you move on, what microphone are you using today?",True
comment-0580,lel,False
comment-0581,"been wondering all stream, what microphone are you using today?",True
comment-0582,"if you have time later, quick question: what days do you normally go live?",True
comment-0583,"i have been trying to figure this out for myself, so i wanted to ask: where do you post your stream highlights?",True
comment-0584,quick question for you: are you planning any streams with other creators?,True
comment-0585,hey when are you doing another charity stream?,True
comment-0586,what playlist is playing in the background?,True
comment-0587,i have been watching for a while and i am genuinely curious: what computer upgrade helped your stream most?,True
comment-0588,"i missed it earlier, how did you set up your streaming desk?",True
comment-0589,where do you post your stream highlights?,True
comment-0590,🚀🚀,False
comment-0591,pog,False
comment-0592,that was wild,False
comment-0593,yo when are you doing viewer games again?,True
comment-0594,hey where did you get your stream alert sounds?,True
comment-0595,how much memory does your streaming computer have?,True
comment-0596,wait what camera are you using right now?,True
comment-0597,how did you set up your streaming desk btw?,True
comment-0598,quick question for you: did you make this stream overlay yourself?,True
comment-0599,yo what playlist is playing in the background?,True
comment-0600,what microphone are you using today btw?,True
comment-0601,yo what weapons are you running for this build?,True
comment-0602,did you already say what controller settings are you using here?,True
comment-0603,🤣🤣,False
comment-0604,i have been watching for a while and i am genuinely curious: how do you organize all your OBS scenes?,True
comment-0605,very cool stream,False
comment-0606,nice,False
comment-0607,what advice would you give a new streamer btw?,True
comment-0608,😂🔥,False
comment-0609,do you warm up your voice before streaming?,True
comment-0610,!!! ??? ...,False
comment-0611,did you already say what weapons are you running for this build?,True
comment-0612,did you already say what upload speed do you stream with?,True
comment-0613,did you already say what game are you playing after this one?,True
comment-0614,are you planning any streams with other creators?,True
comment-0615,rofl,False
comment-0616,hey what bitrate are you streaming at today?,True
comment-0617,🏆🏆,False
comment-0618,not sure if someone asked already but what processor are you gaming and streaming on?,True
comment-0619,lmao,False
comment-0620,"i missed it earlier, what graphics settings are you playing with?",True
comment-0621,"i have been trying to figure this out for myself, so i wanted to ask: what chair do you use for long streams?",True
comment-0622,yo are you planning any streams with other creators?,True
comment-0623,did you already say what difficulty are you playing this on?,True
comment-0624,"if you have time later, quick question: when are you doing viewer games again?",True
comment-0625,how often do you take breaks while streaming?,True
comment-0626,"i missed it earlier, how do you organize all your OBS scenes?",True
comment-0627,"been wondering all stream, where did you get your stream alert sounds?",True
comment-0628,🎉🎉,False
comment-0629,what game are you playing after this one btw?,True
comment-0630,did you already say how do you keep your computer cool while streaming?,True
comment-0631,quick question for you: what graphics card is in your computer?,True
comment-0632,hey what days do you normally go live?,True
comment-0633,not sure if someone asked already but what chair do you use for long streams?,True
comment-0634,wait what microphone are you using today?,True
comment-0635,🤯🤯,False
comment-0636,did you already say what goals are you working toward this month?,True
comment-0637,"been wondering all stream, what bitrate are you streaming at today?",True
comment-0638,why did you pick this game today?,True
comment-0639,did you already say where did you get your stream alert sounds?,True
comment-0640,what bitrate are you streaming at today btw?,True
comment-0641,great play,False
comment-0642,wait when are you doing viewer games again?,True
comment-0643,wait how do we join your discord server?,True
comment-0644,"been wondering all stream, are you entering any tournaments for this game?",True
comment-0645,chat keeps asking what computer upgrade helped your stream most?,True
comment-0646,🎮🎮,False
comment-0647,wait what bitrate are you streaming at today?,True
comment-0648,random question but did you make this stream overlay yourself?,True
comment-0649,where did you get your stream alert sounds?,True
comment-0650,wait what computer upgrade helped your stream most?,True
comment-0651,"if you have time later, quick question: what chair do you use for long streams?",True
comment-0652,what monitor do you use for gaming btw?,True
comment-0653,what camera are you using right now?,True
comment-0654,"before you move on, what snacks do you eat during long streams?",True
comment-0655,i have been watching for a while and i am genuinely curious: where do you find music that is safe to stream?,True
comment-0656,i have been watching for a while and i am genuinely curious: what microphone are you using today?,True
comment-0657,not sure if someone asked already but what keyboard and switches are you using?,True
comment-0658,quick question for you: what upload speed do you stream with?,True
comment-0659,not sure if someone asked already but which route are you taking through this map?,True
comment-0660,⭐🌟,False
comment-0661,quick question for you: why did you pick this game today?,True
comment-0662,did you already say what snacks do you eat during long streams?,True
comment-0663,what chair do you use for long streams btw?,True
comment-0664,💀💀💀,False
comment-0665,great play,False
comment-0666,yo what audio interface is your microphone plugged into?,True
comment-0667,did you already say what drive do you save your recordings on?,True
comment-0668,i have been watching for a while and i am genuinely curious: what helped your channel grow the most?,True
comment-0669,what days do you normally go live btw?,True
comment-0670,random question but what processor are you gaming and streaming on?,True
comment-0671,😮😮,False
comment-0672,🔥🔥🔥🔥,False
comment-0673,did you already say when are you doing another charity stream?,True
comment-0674,hey are you planning any streams with other creators?,True
comment-0675,not sure if someone asked already but what computer upgrade helped your stream most?,True
comment-0676,hey where do you post your stream highlights?,True
comment-0677,wait what snacks do you eat during long streams?,True
comment-0678,wait when are you doing another charity stream?,True
comment-0679,random question but what weapons are you running for this build?,True
comment-0680,i have been watching for a while and i am genuinely curious: did you make this stream overlay yourself?,True
comment-0681,"been wondering all stream, what controller settings are you using here?",True
comment-0682,chat keeps asking what lights are you using for the stream?,True
comment-0683,i have been watching for a while and i am genuinely curious: what weapons are you running for this build?,True
comment-0684,blargh snorf glibble,False
comment-0685,"i missed it earlier, what microphone are you using today?",True
comment-0686,"before you move on, how do you keep your computer cool while streaming?",True
comment-0687,"been wondering all stream, how are you planning to beat this boss?",True
comment-0688,not sure if someone asked already but what playlist is playing in the background?,True
comment-0689,👀👀,False
comment-0690,not sure if someone asked already but what bitrate are you streaming at today?,True
comment-0691,nice,False
comment-0692,what audio interface is your microphone plugged into btw?,True
comment-0693,✅✅✅,False
comment-0694,"i have been trying to figure this out for myself, so i wanted to ask: are you planning any streams with other creators?",True
comment-0695,"before you move on, how did you set up your streaming desk?",True
comment-0696,hey what audio interface is your microphone plugged into?,True
comment-0697,did you already say what character build are you going for?,True
comment-0698,"been wondering all stream, what playlist is playing in the background?",True
comment-0699,"i have been trying to figure this out for myself, so i wanted to ask: what computer upgrade helped your stream most?",True
comment-0700,"before you move on, what do you use to edit your videos?",True
comment-0701,random question but where do you find music that is safe to stream?,True
comment-0702,chat keeps asking what days do you normally go live?,True
comment-0703,how often do you take breaks while streaming btw?,True
comment-0704,"been wondering all stream, what days do you normally go live?",True
comment-0705,wait what do you use to edit your videos?,True
comment-0706,"been wondering all stream, what graphics card is in your computer?",True
comment-0707,yo what upload speed do you stream with?,True
comment-0708,💯💯,False
comment-0709,what playlist is playing in the background btw?,True
comment-0710,lol,False
comment-0711,i have been watching for a while and i am genuinely curious: what audio interface is your microphone plugged into?,True
comment-0712,not sure if someone asked already but are you entering any tournaments for this game?,True
comment-0713,"i missed it earlier, what controller settings are you using here?",True
comment-0714,"i have been trying to figure this out for myself, so i wanted to ask: where do you find music that is safe to stream?",True
comment-0715,not sure if someone asked already but when are you doing viewer games again?,True
comment-0716,chat keeps asking when are you doing another charity stream?,True
comment-0717,"been wondering all stream, are you planning any streams with other creators?",True
comment-0718,random question but how do we join your discord server?,True
comment-0719,"if you have time later, quick question: what headphones are you wearing on stream?",True
comment-0720,hey what chair do you use for long streams?,True
comment-0721,"if you have time later, quick question: how did you set up your streaming desk?",True
comment-0722,quick question for you: what chair do you use for long streams?,True
comment-0723,gg everyone,False
comment-0724,"i have been trying to figure this out for myself, so i wanted to ask: what controller settings are you using here?",True
comment-0725,lol,False
comment-0726,"if you have time later, quick question: what character build are you going for?",True
comment-0727,"before you move on, what chair do you use for long streams?",True
comment-0728,that was wild,False
comment-0729,hey how are you planning to beat this boss?,True
comment-0730,"if you have time later, quick question: what drive do you save your recordings on?",True
comment-0731,"i missed it earlier, where do you find music that is safe to stream?",True
comment-0732,"i missed it earlier, did you make this stream overlay yourself?",True
comment-0733,where did you get your stream alert sounds btw?,True
comment-0734,"been wondering all stream, when are you doing another charity stream?",True
comment-0735,😍✨,False
comment-0736,great play,False
comment-0737,chat keeps asking how do you keep your computer cool while streaming?,True
comment-0738,quick question for you: are you entering any tournaments for this game?,True
comment-0739,"before you move on, why did you pick this game today?",True
comment-0740,random question but why did you pick this game today?,True
comment-0741,not sure if someone asked already but where do you post your stream highlights?,True
comment-0742,"i missed it earlier, how do we join your discord server?",True
comment-0743,what mouse sensitivity do you play on btw?,True
comment-0744,❤️❤️❤️,False
comment-0745,how do you keep your computer cool while streaming btw?,True
comment-0746,"been wondering all stream, what monitor do you use for gaming?",True
comment-0747,hey where did you get the decorations behind you?,True
comment-0748,what upload speed do you stream with btw?,True
comment-0749,"i have been trying to figure this out for myself, so i wanted to ask: did you make this stream overlay yourself?",True
comment-0750,i have been watching for a while and i am genuinely curious: what keyboard and switches are you using?,True
comment-0751,hey did you make this stream overlay yourself?,True
comment-0752,chat keeps asking what headphones are you wearing on stream?,True
comment-0753,yo what days do you normally go live?,True
comment-0754,did you already say are you entering any tournaments for this game?,True
comment-0755,"before you move on, what camera are you using right now?",True
comment-0756,chat keeps asking what weapons are you running for this build?,True
comment-0757,"i missed it earlier, what monitor do you use for gaming?",True
comment-0758,random question but where do you post your stream highlights?,True
comment-0759,lmao,False
comment-0760,"before you move on, what drive do you save your recordings on?",True
comment-0761,"if you have time later, quick question: what snacks do you eat during long streams?",True
comment-0762,"i have been trying to figure this out for myself, so i wanted to ask: what difficulty are you playing this on?",True
comment-0763,"i missed it earlier, where did you get the decorations behind you?",True
comment-0764,chat keeps asking what character build are you going for?,True
comment-0765,"i have been trying to figure this out for myself, so i wanted to ask: when are you doing another charity stream?",True
comment-0766,"i have been trying to figure this out for myself, so i wanted to ask: how much memory does your streaming computer have?",True
comment-0767,random question but what days do you normally go live?,True
comment-0768,hey who made the emotes for your channel?,True
comment-0769,"i have been trying to figure this out for myself, so i wanted to ask: what mouse sensitivity do you play on?",True
comment-0770,not sure if someone asked already but where do you find music that is safe to stream?,True
comment-0771,what camera are you using right now btw?,True
comment-0772,hey why did you pick this game today?,True
comment-0773,"i have been trying to figure this out for myself, so i wanted to ask: what monitor do you use for gaming?",True
comment-0774,"been wondering all stream, where do you post your stream highlights?",True
comment-0775,what chair do you use for long streams?,True
comment-0776,"if you have time later, quick question: what difficulty are you playing this on?",True
comment-0777,"before you move on, what difficulty are you playing this on?",True
comment-0778,not sure if someone asked already but what days do you normally go live?,True
comment-0779,did you already say what computer upgrade helped your stream most?,True
comment-0780,"before you move on, how do we join your discord server?",True
comment-0781,chat keeps asking what controller settings are you using here?,True
comment-0782,hey what computer upgrade helped your stream most?,True
comment-0783,!!! ??? ...,False
comment-0784,quick question for you: what computer upgrade helped your stream most?,True
comment-0785,which route are you taking through this map btw?,True
comment-0786,"i missed it earlier, what processor are you gaming and streaming on?",True
comment-0787,quick question for you: what monitor do you use for gaming?,True
comment-0788,chat keeps asking what mouse sensitivity do you play on?,True
comment-0789,👏👏👏,False
comment-0790,hey what drive do you save your recordings on?,True
comment-0791,random question but what helped your channel grow the most?,True
comment-0792,random question but what keyboard and switches are you using?,True
comment-0793,"before you move on, which route are you taking through this map?",True
comment-0794,did you already say what bitrate are you streaming at today?,True
comment-0795,what mouse sensitivity do you play on?,True
comment-0796,random question but what drive do you save your recordings on?,True
comment-0797,chat keeps asking where did you get your stream alert sounds?,True
comment-0798,hey what helped your channel grow the most?,True
comment-0799,quick question for you: do you warm up your voice before streaming?,True
comment-0800,"i have been trying to figure this out for myself, so i wanted to ask: are you entering any tournaments for this game?",True
comment-0801,random question but what mouse sensitivity do you play on?,True
comment-0802,love this game,False
comment-0803,"i missed it earlier, what computer upgrade helped your stream most?",True
comment-0804,😭😭,False
comment-0805,random question but how are you planning to beat this boss?,True
comment-0806,yo where do you find music that is safe to stream?,True
comment-0807,did you already say what are you drinking on stream today?,True
comment-0808,quick question for you: what mouse sensitivity do you play on?,True
comment-0809,"i have been trying to figure this out for myself, so i wanted to ask: what graphics settings are you playing with?",True
comment-0810,when are you doing viewer games again?,True
comment-0811,"before you move on, what playlist is playing in the background?",True
comment-0812,"before you move on, what computer upgrade helped your stream most?",True
comment-0813,what do you use to edit your videos btw?,True
comment-0814,chat keeps asking which route are you taking through this map?,True
comment-0815,did you already say what headphones are you wearing on stream?,True
comment-0816,hey what snacks do you eat during long streams?,True
comment-0817,"i have been trying to figure this out for myself, so i wanted to ask: do you warm up your voice before streaming?",True
comment-0818,quick question for you: how are you planning to beat this boss?,True
comment-0819,what bitrate are you streaming at today?,True
comment-0820,chat keeps asking what graphics settings are you playing with?,True
comment-0821,not sure if someone asked already but what difficulty are you playing this on?,True
comment-0822,"if you have time later, quick question: where do you find music that is safe to stream?",True
comment-0823,random question but what chat rules do your moderators usually enforce?,True
comment-0824,yo where do you post your stream highlights?,True
comment-0825,quick question for you: what headphones are you wearing on stream?,True
comment-0826,"i have been trying to figure this out for myself, so i wanted to ask: what lights are you using for the stream?",True
comment-0827,"i missed it earlier, what upload speed do you stream with?",True
comment-0828,chat keeps asking what drive do you save your recordings on?,True
comment-0829,quick question for you: what controller settings are you using here?,True
comment-0830,"if you have time later, quick question: how often do you take breaks while streaming?",True
comment-0831,not sure if someone asked already but what upload speed do you stream with?,True
comment-0832,wait what mouse sensitivity do you play on?,True
comment-0833,random question but what game are you playing after this one?,True
comment-0834,what character build are you going for?,True
comment-0835,chat keeps asking what processor are you gaming and streaming on?,True
comment-0836,"i missed it earlier, how often do you take breaks while streaming?",True
comment-0837,hey what mouse sensitivity do you play on?,True
comment-0838,hey are you entering any tournaments for this game?,True
comment-0839,"before you move on, where do you post your stream highlights?",True
comment-0840,chat keeps asking what audio interface is your microphone plugged into?,True
comment-0841,😂🔥,False
comment-0842,🥳🎊,False
comment-0843,"if you have time later, quick question: how do we join your discord server?",True
comment-0844,not sure if someone asked already but what helped your channel grow the most?,True
comment-0845,chat keeps asking where do you post your stream highlights?,True
comment-0846,how do we join your discord server?,True
comment-0847,wait who made the emotes for your channel?,True
comment-0848,wait how often do you take breaks while streaming?,True
comment-0849,yo how did you set up your streaming desk?,True
comment-0850,"i have been trying to figure this out for myself, so i wanted to ask: what days do you normally go live?",True
comment-0851,wait what weapons are you running for this build?,True
comment-0852,lel,False
comment-0853,wow,False
comment-0854,very cool stream,False
comment-0855,yo what bitrate are you streaming at today?,True
comment-0856,"if you have time later, quick question: what are you drinking on stream today?",True
comment-0857,quick question for you: what keyboard and switches are you using?,True
comment-0858,wait what processor are you gaming and streaming on?,True
comment-0859,"if you have time later, quick question: what bitrate are you streaming at today?",True
comment-0860,chat keeps asking what microphone are you using today?,True
comment-0861,"i missed it earlier, what helped your channel grow the most?",True
comment-0862,quick question for you: what do you use to edit your videos?,True
comment-0863,"been wondering all stream, what helped your channel grow the most?",True
comment-0864,yo when are you doing another charity stream?,True
comment-0865,asdfgh qwrty zxcvb,False
comment-0866,"i have been trying to figure this out for myself, so i wanted to ask: what headphones are you wearing on stream?",True
comment-0867,i have been watching for a while and i am genuinely curious: where did you get your stream alert sounds?,True
comment-0868,lmao,False
comment-0869,wow,False
comment-0870,yo what graphics settings are you playing with?,True
comment-0871,"been wondering all stream, how much memory does your streaming computer have?",True
comment-0872,quick question for you: what are you drinking on stream today?,True
comment-0873,🤯🤯,False
comment-0874,"i have been trying to figure this out for myself, so i wanted to ask: who made the emotes for your channel?",True
comment-0875,chat keeps asking did you make this stream overlay yourself?,True
comment-0876,i have been watching for a while and i am genuinely curious: what graphics card is in your computer?,True
comment-0877,not sure if someone asked already but where did you get the decorations behind you?,True
comment-0878,did you already say what helped your channel grow the most?,True
comment-0879,"i have been trying to figure this out for myself, so i wanted to ask: what goals are you working toward this month?",True
comment-0880,not sure if someone asked already but what game are you playing after this one?,True
comment-0881,that was wild,False
comment-0882,where do you post your stream highlights btw?,True
comment-0883,random question but what chair do you use for long streams?,True
comment-0884,quick question for you: what audio interface is your microphone plugged into?,True
comment-0885,"i missed it earlier, what are you drinking on stream today?",True
comment-0886,chat keeps asking how do you organize all your OBS scenes?,True
comment-0887,hey what monitor do you use for gaming?,True
comment-0888,very cool stream,False
comment-0889,i have been watching for a while and i am genuinely curious: how often do you take breaks while streaming?,True
comment-0890,!!! ??? ...,False
comment-0891,hey where do you find music that is safe to stream?,True
comment-0892,yo how often do you take breaks while streaming?,True
comment-0893,did you already say what processor are you gaming and streaming on?,True
comment-0894,random question but what difficulty are you playing this on?,True
comment-0895,i have been watching for a while and i am genuinely curious: what lights are you using for the stream?,True
comment-0896,quick question for you: how do you organize all your OBS scenes?,True
comment-0897,yo what advice would you give a new streamer?,True
comment-0898,i have been watching for a while and i am genuinely curious: what days do you normally go live?,True
comment-0899,rofl,False
comment-0900,random question but what snacks do you eat during long streams?,True
comment-0901,where do you find music that is safe to stream?,True
comment-0902,🎮🎮,False
comment-0903,"if you have time later, quick question: what audio interface is your microphone plugged into?",True
comment-0904,"if you have time later, quick question: what playlist is playing in the background?",True
comment-0905,❤️❤️❤️,False
comment-0906,🚀🚀,False
comment-0907,🚀🚀,False
comment-0908,chat keeps asking why did you pick this game today?,True
comment-0909,did you already say are you planning any streams with other creators?,True
comment-0910,chat keeps asking how did you set up your streaming desk?,True
comment-0911,when are you doing another charity stream?,True
comment-0912,qweoiu asdjk zmxn,False
comment-0913,💀💀💀,False
comment-0914,what weapons are you running for this build?,True
comment-0915,quick question for you: what graphics settings are you playing with?,True
comment-0916,"i have been trying to figure this out for myself, so i wanted to ask: what helped your channel grow the most?",True
comment-0917,😍✨,False
comment-0918,"i missed it earlier, which route are you taking through this map?",True
comment-0919,"before you move on, what weapons are you running for this build?",True
comment-0920,chat keeps asking what do you use to edit your videos?,True
comment-0921,wait what playlist is playing in the background?,True
comment-0922,"if you have time later, quick question: do you warm up your voice before streaming?",True
comment-0923,💯💯,False
comment-0924,hey what lights are you using for the stream?,True
comment-0925,what computer upgrade helped your stream most btw?,True
comment-0926,"i missed it earlier, what bitrate are you streaming at today?",True
comment-0927,chat keeps asking do you warm up your voice before streaming?,True
comment-0928,yo what mouse sensitivity do you play on?,True
comment-0929,what weapons are you running for this build btw?,True
comment-0930,random question but how do you organize all your OBS scenes?,True
comment-0931,i have been watching for a while and i am genuinely curious: what chair do you use for long streams?,True
comment-0932,i have been watching for a while and i am genuinely curious: what snacks do you eat during long streams?,True
comment-0933,"i have been trying to figure this out for myself, so i wanted to ask: how do you organize all your OBS scenes?",True
comment-0934,"before you move on, what graphics settings are you playing with?",True
comment-0935,not sure if someone asked already but what drive do you save your recordings on?,True
comment-0936,"if you have time later, quick question: how do you keep your computer cool while streaming?",True
comment-0937,"been wondering all stream, how did you set up your streaming desk?",True
comment-0938,qweoiu asdjk zmxn,False
comment-0939,"been wondering all stream, what mouse sensitivity do you play on?",True
comment-0940,lel,False
comment-0941,random question but how do you keep your computer cool while streaming?,True
comment-0942,"i missed it earlier, do you warm up your voice before streaming?",True
comment-0943,"if you have time later, quick question: what weapons are you running for this build?",True
comment-0944,gg everyone,False
comment-0945,hey what keyboard and switches are you using?,True
comment-0946,how do you keep your computer cool while streaming?,True
comment-0947,so good,False
comment-0948,pog,False
comment-0949,"i have been trying to figure this out for myself, so i wanted to ask: when are you doing viewer games again?",True
comment-0950,🎮🎮,False
comment-0951,wait what difficulty are you playing this on?,True
comment-0952,i have been watching for a while and i am genuinely curious: what upload speed do you stream with?,True
comment-0953,random question but what bitrate are you streaming at today?,True
comment-0954,"been wondering all stream, what upload speed do you stream with?",True
comment-0955,"if you have time later, quick question: what advice would you give a new streamer?",True
comment-0956,what are you drinking on stream today btw?,True
comment-0957,what do you use to edit your videos?,True
comment-0958,i have been watching for a while and i am genuinely curious: what drive do you save your recordings on?,True
comment-0959,love this game,False
comment-0960,hey how do you organize all your OBS scenes?,True
comment-0961,"before you move on, how are you planning to beat this boss?",True
comment-0962,hey how often do you take breaks while streaming?,True
comment-0963,i have been watching for a while and i am genuinely curious: are you planning any streams with other creators?,True
comment-0964,what graphics card is in your computer btw?,True
comment-0965,yo did you make this stream overlay yourself?,True
comment-0966,great play,False
comment-0967,chat keeps asking how much memory does your streaming computer have?,True
comment-0968,gg everyone,False
comment-0969,"i missed it earlier, what goals are you working toward this month?",True
comment-0970,"i missed it earlier, what camera are you using right now?",True
comment-0971,i have been watching for a while and i am genuinely curious: what graphics settings are you playing with?,True
comment-0972,"if you have time later, quick question: who made the emotes for your channel?",True
comment-0973,very cool stream,False
comment-0974,✅✅✅,False
comment-0975,chat keeps asking what monitor do you use for gaming?,True
comment-0976,😂🔥,False
comment-0977,i have been watching for a while and i am genuinely curious: what playlist is playing in the background?,True
comment-0978,"before you move on, what game are you playing after this one?",True
comment-0979,💀💀💀,False
comment-0980,great play,False
comment-0981,that was wild,False
comment-0982,😍✨,False
comment-0983,"before you move on, did you make this stream overlay yourself?",True
comment-0984,zzxxcc vvbbnn,False
comment-0985,what snacks do you eat during long streams btw?,True
comment-0986,wait what days do you normally go live?,True
comment-0987,not sure if someone asked already but who made the emotes for your channel?,True
comment-0988,qweoiu asdjk zmxn,False
comment-0989,wait are you entering any tournaments for this game?,True
comment-0990,quick question for you: what difficulty are you playing this on?,True
comment-0991,"before you move on, what keyboard and switches are you using?",True
comment-0992,"been wondering all stream, how do you organize all your OBS scenes?",True
comment-0993,"been wondering all stream, what snacks do you eat during long streams?",True
comment-0994,what goals are you working toward this month btw?,True
comment-0995,👏👏👏,False
comment-0996,what graphics settings are you playing with?,True
comment-0997,✅✅✅,False
comment-0998,wait what lights are you using for the stream?,True
comment-0999,quick question for you: when are you doing viewer games again?,True
comment-1000,i have been watching for a while and i am genuinely curious: what are you drinking on stream today?,True
